{
  "indexes": [
    {
      "collectionGroup": "jobs",
      "queryScope": "COLLECTION",
      "fields": [
        {
          "fieldPath": "status",
          "order": "ASCENDING"
        },
        {
          "fieldPath": "createdAt",
          "order": "DESCENDING"
        }
      ]
    },
    {
      "collectionGroup": "applications",
      "queryScope": "COLLECTION",
      "fields": [
        {
          "fieldPath": "jobId",
          "order": "ASCENDING"
        },
        {
          "fieldPath": "createdAt",
          "order": "DESCENDING"
        }
      ]
    },
    {
      "collectionGroup": "jobs_queue",
      "queryScope": "COLLECTION",
      "fields": [
        {
          "fieldPath": "type",
          "order": "ASCENDING"
        },
        {
          "fieldPath": "status",
          "order": "ASCENDING"
        },
        {
          "fieldPath": "scheduledAt",
          "order": "ASCENDING"
        }
      ]
    },
    {
      "collectionGroup": "logs",
      "queryScope": "COLLECTION",
      "fields": [
        {
          "fieldPath": "createdAt",
          "order": "DESCENDING"
        }
      ]
    },
    {
      "collectionGroup": "executions",
      "queryScope": "COLLECTION",
      "fields": [
        {
          "fieldPath": "createdAt",
          "order": "DESCENDING"
        }
      ]
    },
    {
      "collectionGroup": "email_events",
      "queryScope": "COLLECTION",
      "fields": [
        {
          "fieldPath": "campaignId",
          "order": "ASCENDING"
        },
        {
          "fieldPath": "createdAt",
          "order": "DESCENDING"
        }
      ]
    },
    {
      "collectionGroup": "marketing_recipients",
      "queryScope": "COLLECTION",
      "fields": [
        {
          "fieldPath": "suppressed",
          "order": "ASCENDING"
        },
        {
          "fieldPath": "email",
          "order": "ASCENDING"
        }
      ]
    }
  ],
  "fieldOverrides": []
}