{
  "hosting": {
    "public": "apps/web/out",
    "ignore": [
      "**/.*",
      "**/node_modules/**"
    ],
    "rewrites": [
      {
        "source": "/resumes_createUploadUrl",
        "function": "resumes_createUploadUrl"
      },
      {
        "source": "/ats_secureApply",
        "function": "ats_secureApply"
      },
      {
        "source": "/admin_runWeeklySummary",
        "function": "admin_runWeeklySummary"
      },
      {
        "source": "/admin_runDailyRollup",
        "function": "admin_runDailyRollup"
      },
      {
        "source": "/admin_runCampaignRollup",
        "function": "admin_runCampaignRollup"
      },
      {
        "source": "/openPixel",
        "function": "openPixel"
      },
      {
        "source": "/trackRedirect",
        "function": "trackRedirect"
      },
      {
        "source": "**",
        "destination": "/index.html"
      }
    ]
  }
}